[{
  "_id": {
    "$oid": "642509b165069cb4d7accc43"
  },
  "name": "AI",
  "alias": "Artificial Intelligence",
  "head": "",
  "createdBy": {
    "$oid": "000000000000000000000000"
  },
  "updatedBy": {
    "$oid": "000000000000000000000000"
  }
},{
  "_id": {
    "$oid": "642509b165069cb4d7accc44"
  },
  "name": "software development",
  "alias": "Software Development",
  "head": "",
  "createdBy": {
    "$oid": "000000000000000000000000"
  },
  "updatedBy": {
    "$oid": "000000000000000000000000"
  }
},{
  "_id": {
    "$oid": "642509b165069cb4d7accc45"
  },
  "name": "testing",
  "alias": "Testing",
  "head": "",
  "createdBy": {
    "$oid": "000000000000000000000000"
  },
  "updatedBy": {
    "$oid": "000000000000000000000000"
  }
},
{
  "_id": {
    "$oid": "642509b165069cb4d7accc46"
  },
  "name": "robotics",
  "alias": "Robotics",
  "head": "",
  "createdBy": {
    "$oid": "000000000000000000000000"
  },
  "updatedBy": {
    "$oid": "000000000000000000000000"
  }
},
  {
    "_id": {
      "$oid": "642509b165069cb4d7accc47"
    },
    "name": "HR",
    "alias": "HR",
    "head": "",
    "createdBy": {
      "$oid": "000000000000000000000000"
    },
    "updatedBy": {
      "$oid": "000000000000000000000000"
    }
  },
  {
    "_id": {
      "$oid": "642509b165069cb4d7accc48"
    },
    "name": "head",
    "alias": "Head",
    "head": "",
    "createdBy": {
      "$oid": "000000000000000000000000"
    },
    "updatedBy": {
      "$oid": "000000000000000000000000"
    }
  }
]