﻿{
  "debug": false,
  "debugButton": false,
  "isLogin": false,
  "isTerms": false,
  "isContract": false,
  "changePassword": false,
  "documentId": "",
  "awsRegion": "ap-northeast-3",
  "cognitoUserPoolId": "ap-northeast-1_smmBsCK2E",
  "cognitoClientId": "2c6uuipah8pl0niml2go6p559i",
  "cognitoIdentityPoolId": "ap-northeast-1:0581deb9-5bd2-4f28-9eb9-12d278751a68",
  "cognitoUser": {},
  "s3Bucket": "deepicrotsukaosaka-bucket",
  "//s3Bucket": "if changing, have to change lambda torigger",
  "s3Path": "files",
  "//s3Path": "if changing, have to change lambda torigger",
  "apiFormatVersion": "1.0.0",
  "apiServiceId": "DeepICROtsukaOsaka",
  "apiTimeZone": "UTC+9",
  "apiUrlBase": "https://4t2hcsrgf0.execute-api.ap-northeast-3.amazonaws.com/v1",
  "apiOAuthToken": "/auth/oauth/token",
  "apiSignin": "/auth/signin",
  "apiSignout": "/auth/signout",
  "apiTokenRefresh": "/auth/token-refresh",
  "apiChangePassword": "/auth/change-password",
  "apiGetPresignedUrl": "/files/get-signed-url",
  "apiPolling": "/files/polling",
  "language": "ja",
  "otsukaSSOURL": "https://deepicr-otsuka-stage.auth.ap-northeast-1.amazoncognito.com/oauth2/authorize?client_id=5kto9rn9igh61jk4gvnc1iv9l4&response_type=code&scope=aws.cognito.signin.user.admin+email+openid&redirect_uri=https%3A%2F%2Fwww2.otsuka.deepicr.jp",
  "inputViewerBounds": {
    "bounds": {
      "height": 100,
      "width": 943,
      "top": 0,
      "bottom": 100,
      "left": 0,
      "right": 100
    }
  },
  "imageScale": 1,
  "outputTab": 0,
  "file": {},
  "requestedFile": "",
  "fileBase64": [],
  "fileSize": [
    {
      "height": 0,
      "width": 0
    }
  ],
  "pdfBase64": "",
  "pdfPage": 1,
  "pdfPages": 1,
  "pdfDefaultHeight": 3840,
  "targetPages": "",
  "defaultSize": 12,
  "size": 12,
  "unit": 2,
  "minSize": 12,
  "maxSize": 20,
  "setTimeoutTime": 1000,
  "//setTimeoutTime": "millisecond",
  "setTimeoutLimit": 180,
  "//setTimeoutLimit": "Max times for the loop of checking S3: 180 => 30 mitutes",
  "fontScale": 0.67,
  "originalOutputFontScale": 1,
  "outputSw": false,
  "outputLinkSw": false,
  "originalOutputSize": {
    "height": 0,
    "width": 0
  },
  "originalOutputData": {
    "data": []
  },
  "originalOutputTable": {
    "data": []
  },
  "extractedOutputData": {
    "data": []
  },
  "extractedOutputTable": {
    "data": []
  },
  "searchText": "",
  "isThumbnailOpen": false,
  "croppingToolId": 6,
  "shapeList": {},
  "currentShape": [],
  "selectedShape": [],
  "shapeCounter": 0,
  "pointCounter": 0,
  "selectionPoints": [],
  "croppedImages": {},
  "isSelection": false,
  "popUpDialog": {
    "image_id": "",
    "shape_id": "",
    "label": "",
    "meta": "",
    "left": 0,
    "top": 0,
    "show": false
  },
  "termsOfService": [
    "Deep-ICR]利用規約",
    "",
    "実施：令和2年4月1日",
    "",
    "第１章　総則",
    "",
    "第１条　（本規約の目的）",
    "",
    "デロイトトーマツリスクサービス株式会社（以下「当社」といいます。）は、利用規約（以下「本規約」といいます。）を定め、これにより本サービスを提供します。ただし、別段の合意がある場合は、その合意に基づく提供条件によります。",
    "",
    "第２条　（本規約の変更）",
    "",
    "当社は、本規約（別紙を含みます。）の全部又は一部を、契約者の承諾を得ることなく変更することがあります。この場合には、本サービスの提供条件は、変更後の規約によります。なお、当社は、本規約を変更する場合は、変更の効力発生日を定め、インターネットの利用その他の当社が適切と判断する方法により、本規約を変更する旨、変更の内容及び当該変更の効力発生日を周知することとします。",
    "",
    "第３条　（用語の定義）",
    "",
    "本規約においては、次の用語はそれぞれ次の意味で使用します。",
    "",
    "【本サービス】別紙（本サービスで提供する機能・提供条件）第2項に規定するOCRサービス「Deep-ICR」",
    "【本契約】当社から本サービスの提供を受けるための契約",
    "【契約者】当社と本契約を締結している者",
    "【申込者】当社へ本契約の申込の意思表示をしている者",
    "【本サービス】別紙1（本サービスで提供する機能・提供条件）第2項に規定される契約者がスキャナ等で読み取った請求書等の画像ファイルをサーバにアップロードすることで、画像ファイルに含まれる文字等をテキストデータに変換し、契約者がダウンロードできるテキストファイルの状態で提供するサービス",
    "【役職員等】役職員、社員又は業務受託者",
    "【利用者】契約者に勤務又は所属する役職員等で、本サービスを利用する者として、当社がアカウント情報を付与した者",
    "【アカウント情報】本サービスの利用のために必要となるID及びパスワード",
    "【知的財産権】著作権、特許権、実用新案権、意匠権、商標権、ノウハウその他の知的財産権（それらの権利を取得し、又はそれらの権利につき登録等を出願する権利を含みます。）",
    "【紛争】請求、警告、訴えの提起等",
    "【サイバーテロ】コンピュータ・ネットワークを通じて各国の国防、治安等をはじめとする各種分野のコンピュータ・システムに侵入し、データを破壊、改竄するなどの手段で国家又は社会の重要な基盤を機能不全に陥れるテロ行為",
    "【個人情報】個人情報の保護に関する法律第2条第1項に定める個人情報（氏名、住所、電話番号、メールアドレス等）",
    "【サーバ】本サービスを提供するために当社又は当社が業務を委託する第三者が管理する電子計算機等その他の設備",
    "【物品等】本規約、各種ソフトウェア、プログラム、取扱マニュアル、ホームページ、メールマガジン等の書面及び電子データ",
    "【本入力データ】契約者が本サービスのサーバにアップロードした電子データ",
    "【本出力データ】本サービスの利用により生成したテキストデータ等の電子データ",
    "【非適格情報】次のいずれかに該当する情報",
    "①特定個人情報を含む個人情報、不正競争防止法上の営業秘密若しくは限定提供データ、又は契約者が第三者に対して機密保持義務を負う情報",
    "②契約者が法令に違反する方法又は不適切な方法で取得した情報",
    "③その他本入力データとすることが適切でない情報",
    "【インターネット接続回線】インターネットに接続するための通信回線",
    "【法令等】憲法、条約、法律、政令、内閣府令、省令、告示若しくは裁判所規則、判決、決定若しくは命令若しくは仲裁判断、行政庁の通達若しくはガイドライン又は自主規制機関若しくは取引所の規則その他法律上又は事実上の拘束力を有する規律（外国のものを含みます。）",
    "【反社会的勢力】次のいずれかに該当する者",
    "①暴力団員による不当な行為等の防止に関する法律第2条第2項第2号に規定する暴力団若しくは同項第6号に規定する暴力団員、暴力団の準構成員（暴力団と関係を持ちながら、その組織の威力を背景として暴力的不法行為等を行う者、又は暴力団に資金や武器を供給するなどして、その組織の維持、運営に協力し若しくは関与する者をいいます。）、暴力団関係者（暴力団又は暴力団員と密接な関係を有する者をいいます。）若しくは組織犯罪対策要綱（平成16年10月25日警察庁次長通達）に規定する暴力団関係企業又はこれらの者の影響下にある者",
    "②準暴力団（暴力団と同程度の明確な組織性は有しないものの、これに属する者が集団的に又は常習的に暴力的不法行為等を行っている、暴力団に準ずる集団）又は準暴力団構成員",
    "③無差別大量殺人行為を行った団体の規制に関する法律に基づき処分を受けた団体に属している者",
    "④組織的な犯罪の処罰及び犯罪収益の規制等に関する法律に定める犯罪収益等隠匿又は犯罪収益等収受を行い又は行っている疑いのある者",
    "⑤貸金業法第24条第3項に規定する取立て制限者又はこれに類する者",
    "⑥①の組織犯罪対策要綱に規定する総会屋等、社会運動等標ぼうゴロ又は特殊知能暴力集団等",
    "⑦①から⑥までのいずれかに該当しなくなってから5年を経過しない者",
    "⑧①から⑦までのいずれかに該当する者と知りつつその者と継続的に取引を行っている者",
    "",
    "第２章　本サービスの提供",
    "",
    "第４条　（本サービスの提供）",
    "",
    "当社は、契約者に対し、本サービスを提供します。",
    "",
    "第５条　（提供区域）",
    "",
    "当社は、本サービスを、日本国内のインターネット通信が利用可能な区域において提供します。 ",
    "",
    "第３章　契約",
    "",
    "第６条　（契約申込みの方法）",
    "",
    "本サービスの利用を申し込もうとする者は、本規約の内容を承諾した上で、次に掲げる事項を記載した書面（以下、別段の規定がない場合、電子メールその他電磁的方法を含みます。）を当社に提出することにより、申込みを行うものとします。",
    "(1)　契約者の氏名又は名称",
    "(2)　契約者の住所又は所在地",
    "(3)　契約者の連絡先の電話番号及びメールアドレス",
    "(4)　第8条に規定するアカウント情報を付与する利用者の氏名、所属その他の特定のための情報",
    "(5)　その他申込みの内容を特定するための事項",
    "",
    "第７条　（契約申込みの承諾）",
    "",
    "当社は、前条に定める方法により本サービスの申込みがあった場合には、書面をもって申込者に申込みの諾否を通知します。当社が申込みを承諾する場合、当該承諾の通知の発信の時をもって、申込者と当社の間に本契約が成立するものとします。",
    "",
    "２  当社は、次のいずれかに該当すると当社が判断した場合、申込みを承諾しないことがあります。 ",
    "(1)　本サービスを提供することが技術上その他の理由により困難なとき。",
    "(2)　申込者が第16条（利用停止）に該当するとき、又は該当するおそれがあると当社が判断したとき。",
    "(3)　申込者が虚偽の事項を記載して本サービスの利用の申込みをしたとき。 ",
    "(4)　申込者が日本国内に本店を置く法人（法人に相当すると当社が認めるものを含みます。）でないとき。",
    "(5)　申込者が第1１条（利用に係る契約者の義務）に違反するおそれがあると当社が判断したとき。",
    "(6)　その他当社の業務遂行上著しい支障があるとき、又は支障があるおそれがあると当社が判断したとき。",
    "３  当社は第1項に定める申込みを承諾する場合、速やかに契約者に本サービス提供の開始日を通知するものとします。当該本サービス提供の開始日より、契約者は本サービスを利用することができるものとします。",
    "",
    "第８条　（アカウント情報の付与）",
    "",
    "当社は、利用者による本サービスの利用開始時に、各利用者に対しアカウント情報（ただし、当社により通知するパスワードは「仮パスワード」とします。）を、付与します。契約者は、全ての利用者に仮パスワードを速やかに変更させなければならないものとします。通知された仮パスワードを速やかに変更しなかったことにより生じた損害について、当社は一切の責任を負わないものとします。",
    "",
    "２  契約者は、自らの役職員等のうち、利用者（第10条に基づき契約者が利用者の変更を当社に通知した場合には、変更後の利用者）にのみ本サービスを使用させることができます。ただし、契約者は、アカウント情報を利用して行われた全ての本規約への違反行為に対して責任を負うものとします。",
    "",
    "第９条　（権利の譲渡等の禁止）",
    "",
    "本契約に基づく本サービスの提供を受ける権利は契約者のみに帰属するものであり、当社の事前の書面による承諾なく、本サービスの提供を受ける権利を第三者に譲渡、承継（相続又は法人の合併若しくは分割を含みます。）、再許諾又は質権の設定その他担保に供すること等をしてはならないものとします。",
    "",
    "２  各利用者に付与されたアカウント情報は、当該利用者のみが利用できます。契約者は、各利用者に付与されたアカウント情報を当該利用者以外の者に利用させてはならず、各利用者にもこれを遵守させるものとします。",
    "",
    "第１０条　（契約者の氏名等の変更の届出）",
    "",
    "契約者は、第6条（契約申込みの方法）で規定する事項に変更があったときは、速やかに当社に届け出ていただきます。",
    "",
    "２  前項に定める変更があったにもかかわらず当社に届出がないときは、当社に届出がなされている氏名若しくは名称、住所若しくは所在地又はその他の連絡先への通知をもって、当社からの通知を行ったものとみなします。",
    "",
    "３  第１項の届出があったときは、当社は、その届出に係る変更を証明する書類を提示していただくことがあります。当社が当該書類の提示を求めた場合、契約者が当該書類の提示をし、当社が当該書類の内容を確認した時点で、契約者の氏名等の変更の効力が生じるものとします。",
    "",
    "第４章　利用",
    "",
    "第１１条　（利用に係る契約者の義務）",
    "",
    "本サービスの提供に際して、契約者は以下の義務を遵守し、かつ全ての利用者に遵守させるものとします。",
    "(1) 当社又は第三者の財産権（知的財産権を含みます。）、プライバシー、名誉その他の権利を侵害しないこと。",
    "(2) 本サービスを違法又は不当な目的で利用せず、第三者をして利用させないこと。",
    "(3) 本サービスによりアクセス可能な当社又は第三者の情報を改竄又は消去しないこと。",
    "(4) 第三者になりすまして本サービスを利用しないこと。",
    "(5) 意図的に有害なコンピュータプログラム等を送信しないこと。",
    "(6) 本サービスを提供するためのシステムに過剰な負荷をかけないこと。",
    "(7) リバースエンジニアリング、逆コンパイル又は逆アセンブルを行わないこと。",
    "(8) 当社の設備に無権限でアクセスし、又はその利用若しくは運営に支障を与える行為をしないこと。",
    "(9) 本人の同意を得ることなく、又は詐欺的な手段により第三者の個人情報を収集する行為をしないこと。",
    "(10) 本サービスの過度な利用を含む本サービスその他当社の事業の運営に支障をきたすおそれのある行為をしないこと。",
    "(11) 法令等、本規約若しくは公序良俗に反する行為、当社若しくは第三者の信用を毀損する行為、又は当社若しくは第三者に不利益を与える行為をしないこと。",
    "(12) 本サービスの利用に係る全てのアカウント情報を、当該アカウント情報に係る利用者に適正に管理させること。",
    "(13) 本サービスの利用に係るアカウント情報を、第三者その他当該アカウント情報に係る利用者以外の者に使用させないこと。",
    "(14) その他前各号に該当するおそれのある行為又はこれに類する行為を行わないこと。",
    "",
    "第１２条　（契約者の当社に対する協力事項）",
    "",
    "契約者は、当社が本サービスの提供に必要な協力を求めたときは、当社に対して以下に定める協力を行っていただきます。",
    "(1) 当社の求めに応じたアカウント情報等の入力。 ",
    "(2) 当社の求めに応じた本サービス提供のために必要な情報（操作説明書等を含みます。）の提供。",
    "(3) 自己の利用する電子計算機等に、複製が必要な情報がある場合における、本サービスの提供前の契約者の責任におけるそれらの情報の複製の実施。",
    "(4) 自己の利用する電子計算機等に、機密とすべき情報がある場合における、本サービスの提供前の契約者の責任におけるそれらの情報の防護措置又は消去の実施。",
    "(5) その他、本サービスの提供又は設定作業等のために当社が必要と認める事項の実施。",
    "",
    "第１３条　（設備等の準備）",
    "",
    "契約者は、自己の責任において、本サービスを利用するために必要な電子計算機等、インターネット接続回線その他の設備を保持、管理し、必要なその他のサービスを利用するものとします。当該設備の利用のために必要な料金は、契約者の責任において当該設備の提供者に対し支払うものとします。",
    "",
    "第５章　利用中止等",
    "",
    "第１４条　（本サービス内容の変更）",
    "",
    "当社は、契約者の承諾を得ることなく本サービスの内容を変更することがあります。この場合には、本サービス内容は、変更後の内容によります。",
    "",
    "２  当社は、前項の変更を行う場合、変更の効力発生日を定め、インターネットの利用その他の当社が適切と判断する方法により、本サービスを変更する旨、変更の内容及び当該変更の効力発生日を周知することとします。",
    "",
    "第１５条　（本サービス提供の中断又は終了）",
    "",
    "当社は、当社の判断により、いつでも本サービスの提供を中断し、又は終了することができます。当社は、本サービスの提供中断又は終了により契約者が損害を被った場合であっても、一切責任を負わないものとします。",
    "",
    "２  当社は、本サービスの提供を中断又は終了するときは、あらかじめインターネットの利用その他の当社が適切と判断する方法により周知することとします。",
    "",
    "第１６条　（利用停止）",
    "",
    "当社は、契約者が次のいずれかに該当するときには、６ヵ月以内で当社が定める期間、本サービスの利用を停止することがあります。当社は、本サービスの利用停止により契約者が損害を被った場合であっても、一切責任を負わないものとします。",
    "(1) 契約者又はその役職員等が当社の名誉又は信用を毀損したとき。",
    "(2) 第9条（権利の譲渡の禁止）、第11条（利用に係る契約者の義務）又は第23条（知的財産権等）の規定に違反したとき。",
    "(3) 契約者が過度に頻繁に問合せ、訪問の要請等を実施し又は本サービスの提供に係る時間を故意に延伸し当社の業務の遂行に支障を及ぼしたと当社が判断したとき。",
    "(4) 契約者又はその役職員等が当社に損害を与えたとき。",
    "(5) 当社の業務の遂行又は当社の利用する電子計算機等その他の設備に支障を及ぼし、又は及ぼすおそれがある行為をしたとき。",
    "",
    "２  当社は、前項の規定により本サービスの利用停止をするときは、あらかじめその理由、利用停止をする日及び期間を契約者に通知します。ただし、やむを得ない場合は、この限りではありません。",
    "",
    "第１７条　（契約者が行う本契約の解除）",
    "",
    "契約者は、本契約を解除しようとするときは、その旨をあらかじめ当社に書面等により通知するものとします。",
    "",
    "２  当社は、前項の規定により契約者が通知した解除希望日をもって本サービスの解除日とします。ただし、契約者が通知した解除希望日が、当社に当該通知が到達する日の前日までの日付である場合には、当該到達日を解除日とします。",
    "",
    "第１８条　（当社が行う本契約の解除）",
    "",
    "当社は、いつでも契約者に通知することにより、本契約を解除することができます。当社は、本契約の解除により契約者が損害を被った場合であっても、一切責任を負わないものとします。",
    "",
    "第６章　料金",
    "",
    "第１９条　（料金）",
    "",
    "当社が提供する本サービスの料金は、無償とします。",
    "",
    "",
    "第７章　免責事項",
    "",
    "第２０条　（免責事項）",
    "",
    "当社は、本サービスの利用により契約者に生じた損害について責任を負わないものとし、契約者は本規約及び本サービスの内容を理解したうえで、本サービスを契約者自身の責任で利用するものとします。",
    "",
    "２  契約者は、本サービスの利用により第三者に対し損害を与えた場合は、自己の責任でこれを解決するものとします。",
    "",
    "３  当社は、本サービスの利用により生じる結果について、本サービスの提供に必要な設備の不具合、故障、第三者による不正侵入、商取引上の紛争、法令等に基づく強制的な処分その他の原因を問わず、責任を負いません。",
    "",
    "４  当社は、第15条（本サービスの提供中断又は終了）、第16条（利用停止）又は第18条（当社が行う本契約の解除）の規定により本サービスの提供中断若しくは終了、利用停止又は本契約の解除をしたことに伴い生じる契約者の損害について、責任を負いません。",
    "",
    "５  当社は、サイバーテロ、自然災害、第三者による妨害等、不測の事態を原因として発生した損害については、責任を負いません。",
    "",
    "６  本サービスは、変換されたテキストデータの完全性、正確性、安全性、目的適合性又は有用性等につき、何ら保証するものではありません。また、当社は、本サービスの提供をもって、契約者の問題・課題等の特定、解決方法の策定、解決又は解決方法の説明を行うものではありません。さらに、当該内容及び結果が第三者の権利を侵害しないこと等について何ら保証するものではありません。",
    "",
    "第８章　個人情報等の取扱い",
    "",
    "第２１条　（個人情報の取扱い）",
    "",
    "当社は、本サービス提供のため、本サービスの提供の過程において契約者及びその利用者を含む役職員等の個人情報を取得します。",
    "",
    "２  当社は、前項の規定により取得した情報については、当社が別に定める｢プライバシーポリシー｣に基づき取り扱うものとします。なお、本規約と当該プライバシーポリシーに齟齬がある場合、本規約の定めが優先して適用されるものとします。",
    "",
    "３  当社は、個人情報保護法の規定に基づき、第１項の規定により取得した情報を当社が業務を委託する他の事業者に対して提供することがあります。",
    "",
    "第２２条　（データ等の取扱い）",
    "",
    "当社は、本入力データを、以下の目的で保管し（当社は保管の義務を負うものではありません。）、利用（本入力データへの加工を含みます。）することができるものとします。当社は、本契約が終了した場合、本入力データ（本入力データを加工したものを含みます。）を消去し、消去後は保存しないものとします。",
    "①  本サービスの維持運営",
    "②  本サービスの使用状況の計測・分析",
    "③  本サービスの改善（本サービスに組み込まれている、特定の契約者の利用に限定されない機械学習機能の学習データとしての利用を含みます。なお、当社は、本項柱書後段の規定にかかわらず、本契約の終了後も当該機械学習機能を利用できるものとします。）",
    "",
    "２  当社は、本出力データを、別途契約者と合意した期間経過後に消去し、消去後は保存しないものとします。",
    "",
    "３  契約者は、非適格情報をサーバにアップロードしないものとします。当社は、非適格情報がアップロードされていることを確認した際（当社は当該確認の義務を負うものではありません。）は当該非適格情報を削除し、当該非適格情報に係るデータ等の返却等は行いません。",
    "",
    "４  当社は、契約者が非適格情報を本サービスのサーバにアップロードしたことに起因し又は関連する契約者、当該情報の本人、その他第三者に生じた損害、損失、不利益等について何ら責任を負いません。また、契約者は、非適格情報のアップロードに起因し又は関連して当社に生じた全ての損害、損失、不利益等を補償するものとします。",
    "",
    "５  当社は、本入力データ及び本出力データ並びに本サービスの提供に際して取得した契約者の情報を、第三者に対して開示いたしません。ただし、以下に規定する場合は、本入力データ及び本出力データ並びに本サービスの提供に際して取得した契約者の情報を、第三者に対して開示することができるものとします。",
    "①  法令等に基づく場合",
    "②  本サービスの提供に必要な範囲で、当社若しくはデロイトトーマツグループに属する各法人の役職員等、当社が第23条第1項に基づき業務を委託する第三者、又は当社が起用する弁護士、公認会計士、税理士、不動産鑑定士その他の専門家に開示する場合",
    "③  訴訟、審判、仲裁及び調停等の手続において自己の権利を行使し、又は自己の利益を擁護するために必要な場合",
    "④  監査人の独立性又は利益相反の有無の確認その他の本サービスに係る業務及び品質管理に必要な範囲で、当社又はデロイトトウシュトーマツグループに属する各法人の役職員等に開示する場合",
    "",
    "第９章　本サービスの知的財産権等",
    "",
    "第２３条　（知的財産権等）",
    "",
    "本サービスにおいて当社が契約者に提供する一切の物品等及び本サービス提供のために使用する一切の物品等に関する知的財産権の一切の権利・利益は、当社又は当該物品等の利用を当社に対して許諾する者に帰属するものとします。なお、当社は、当該物品等の開発その他の本サービス提供のために必要な業務を第三者に委託することがあります。",
    "",
    "２  当社は契約者に、本サービスに係るソフトウェア等の利用を許諾するものとします。本サービスの利用権は、譲渡不可、再許諾不可かつ非独占的なものとします。",
    "",
    "３  契約者は、第1項の物品等を以下のとおり取り扱うものとします。",
    "(1)  本サービスを利用するため以外に使用しないこと。",
    "(2)  複製・改変・編集等を行わず、また、リバースエンジニアリング、逆コンパイル又は逆アセンブルを行わないこと。",
    "(3)  営利目的の有無を問わず、第三者に貸与・譲渡・担保設定等しないこと。",
    "(4)  当社又は当該物品等の利用を当社に対して許諾する者が表示した著作権表示等を削除又は変更しないこと。",
    "",
    "４  当社は、本サービスが第三者の知的財産権その他の権利を侵害していないことを保証するものではありません。",
    "",
    "５  本サービスの利用が第三者の保有する知的財産権その他の権利を侵害しているとして、契約者と第三者との間で紛争が生じたときは、紛争が当社の帰責事由に起因する場合を除き、契約者の費用及び責任において紛争を処理・解決するものとします。また、当社又は契約者は、他方当事者が紛争を処理・解決するにあたり、合理的な範囲で他方当事者に協力するものとします。本項に定める場合を除き、当社は、契約者が本サービスを利用することにより契約者と第三者との間で生じた紛争について責任を負わないものとします。",
    "",
    "６  契約者は、本サービスが第三者の知的財産権その他の権利を侵害していること又はそのおそれがあることを知ったときは、直ちに当社に連絡するものとします。",
    "",
    "第１０章　雑則",
    "",
    "第２４条　（分離可能性）",
    "",
    "本規約の一部が無効と判断された場合においても、本規約の残りの部分の効力には影響しないものとします。",
    "",
    "第２５条　（法令等に規定する事項）",
    "",
    "本サービスの提供又は利用にあたり、法令等に定めがある事項については、その定めるところによります。",
    "",
    "第２６条　（準拠法）",
    "",
    "本規約の成立、効力、解釈及び履行については、日本法に準拠するものとします。",
    "",
    "第２７条　（紛争の解決）",
    "",
    "本規約の条項又は本規約に定めのない事項について紛議等が生じた場合、双方誠意をもって協議し、できる限り円満に解決するものとします。",
    "",
    "２  本規約に関する紛争は、東京地方裁判所を第一審の専属的合意管轄裁判所とします。",
    "",
    "第２８条　（反社会的勢力の排除）",
    "",
    "契約者は、次の各号のいずれにも該当しないことを表明し、将来にわたって次の各号のいずれにも該当しないことを確約します。",
    "(1)  自ら又は自らの役員（取締役、執行役又は監査役）が、反社会的勢力であること 。",
    "(2)  自らの行う事業が、反社会的勢力の支配を受けていると認められること 。 ",
    "(3)  自らの行う事業に関し、反社会的勢力の威力を利用し、財産上の不当な利益を図る目的で反社会的勢力を利用し、又は、反社会的勢力の威力を利用する目的で反社会的勢力を従事させていると認められること 。 ",
    "(4)  自らが反社会的勢力に対して資金を提供し、便宜を供与し、又は不当に優先的に扱うなどの関与をしている と認められること。 ",
    "(5  )本契約の履行が、反社会的勢力の活動を助長し、又は暴力団の運営に資するものであること。",
    "",
    "２  当社は、契約者が次の各号の一に該当するときは、何らの通知、催告を要せず即時に本契約を解除することができます。 ",
    "(1)  第１項に違反したとき。",
    "(2)  自ら又は第三者をして次に掲げる行為をしたとき。",
    "①  当社もしくは当社の委託先に対する暴力的な要求行為",
    "②  当社もしくは当社の委託先に対する法的な責任を超えた不当な要求行為",
    "③  当社もしくは当社の委託先に対する脅迫的言辞又は暴力的行為",
    "④  風説を流布し、又は偽計若しくは威力を用いて、当社もしくは当社の委託先の信用を毀損し、又は当社もしくは当社の委託先の業務を妨害する行為",
    "⑤  その他前各号に準ずる行為",
    "",
    "３  当社は、前項の規定により本契約を解除した場合、契約者に損害が生じても、これを賠償する責を負わないものとします。また、契約者は、前項の規定により本契約を解除された場合、当社に生じた全ての損害を補償するものとします。",
    "",
    "附 則",
    "",
    "1  この利用規約は、令和2年4月1日から実施します。",
    "",
    "",
    "別紙（本サービスで提供する機能・提供条件）",
    "",
    "１．サービス概要 本サービスは、契約者がスキャナ等で読み取った請求書等の帳票類の画像ファイルを本サービスのサーバにアップロードすることで、画像ファイルに含まれる文字及び表等をタブ区切りのテキストデータに変換し、契約者がダウンロードできる状態で提供するサービスです。",
    "",
    "２．本サービスで提供する機能",
    "",
    "【テキストデータ変換】サーバにアップロードされた画像ファイルに含まれる文字等（手書き文字、数字、記号、訂正印、取消線を含みます。）を認識し、人工知能の活用及び補正データベースとの照合により、画像ファイルをテキストデータに変換します。",
    "【利用者画面】・画像ファイルのテキストデータへの変換結果及び抽出対象箇所（以下「項目」といいます。）、読取モデル（氏名、住所、電話番号等）の表示を行う画面をWEBブラウザ上で提供します。",
    "・画像ファイルから変換されたテキストデータをテキストファイルに出力し、契約者が画面からダウンロード可能な状態として提供します。",
    "【遠隔サポート】契約者からの以下の問合せをサポートセンタのオペレータが受付し対応します。（平日１０時～１７時）",
    "①ご利用方法や提供条件に関する問合せ",
    "②ご利用できない等の故障と思われる事象の申告",
    "【ユーザ認証・アクセス制限】ID/パスワードによりユーザを特定する機能、及び接続元の固定 IPアドレスを制限することで、特定のIPアドレスからのみ本サービスのサーバにアクセスする機能"
  ]
}