{
    "stringMultipleValuePopUp":"For items with multiple candidates in the OCR results, please select the appropriate item from the pull-down list.",
    "stringBytePop":"The number of characters (20 full-width and 40 half-width characters)  is exceeded in Purpose for payment field",
    "stringByteInvoice":"The number of characters (15 full-width and 30 half-width characters)  is exceeded in Invoice No field",
    "stringByteText":"The number of characters (25 full-width and 50 half-width characters)  is exceeded in Text(Comment) field",
    "stringByteMemo":"The number of characters (200 full-width and 400 half-width characters)  is exceeded in Memo field",
    "stringLoggedOut":"Logging Out",
    "stringActualWorkingDatePlaceholder":"Please input the year and month to fill in the text field of payment request contents and purpose for payment field",
    "stringRPAOutputDone":"RPA Done",
    "stringHospitalNameNotFound":"Hospital name not found",
    "stringSellerNameNotFound":"Seller name not found",
    "stringNonMandatoryMessage":"OCR result is not output",
    "stringMandatoryMessage":"Mandatory field is not filled",
    "stringOCRError":"OCR Error",
    "stringReturnHomeOk":"Ok",
    "stringReturnHomeCancel":"Cancel",
    "stringSelectDrop":"Select Category Name",
    "stringSelectApprover":"Select Approver",
    "stringTypeSearch":"Type to Search...",
    "stringProtocolNoPlaceholder":"Please input if not stated on the invoice.",
    "stringPaymentRequestPlaceholder":"Input the date in case other than 10th of the following month or the end of the current month",
    "stringDescriptionPlaceholder":"Please input any special notice regarding the process",
    "stringDiscardOcrResult":"Discard OCR results. Is it OK?",
    "stringDontSaveDraft":"Don't Save",
    "stringSaveDraft":"Save",
    "stringSaveDraftBtn":"Save Draft",
    "stringSaveDraftMessage":"Do you want to save as draft?",
    "stringNoFileCheckedStatus":"There are no files to be deleted.",
    "stringStatusDelete":"Do you really want to delete the selected invoices?",
    "stringDetails":"Details",
    "stringPdfDelete":"Is it OK to delete?",
    "stringPdfStartOcr":"Is it OK to start the OCR process?",
    "stringMandatoryTotalAmountError":"Mandatory field missing,Total amount mismatch",
    "stringMandatoryFieldMiss":"Mandatory field missing",
    "stringTotalMatch":"Total amount mismatch",
    "stringRpaDownload":"Do You Want to Download RPA File?",
    "stringLastPdf":"This is the final PDF. You will return to the OCR status confirmation screen.",
    "stringSavedSuccessfully":"Saved Successfully",
    "stringRpaDownloaded":"Rpa File Downloaded",
    "stringDelete":"Are You Sure Want to Delete",
    "stringDeletePdf": "Delete This PDF",
    "stringContinue":"Are You Sure Want to Continue",
    "stringConfigName":"Name",
    "stringConfigRole":"Role",
    "stringConfigUserName":"USer Name",
    "stringConfigEmail":"Email",
    "stringConfigEmployeeCode":"Employee Code",
    "stringConfigLastLogin":"Last Login",
    "stringConfigEdit":"Edit",
    "stringConfigUpdatedPopUp":"Updated Successfully",
    "stringFileSelected":"Files Selected",
    "stringFileUploadMessage":"File Uploaded Successfully",
    "stringLoginSuccess":"Login Successfully",
    "stringEmailField":"E-mail field is empty",
    "stringPassField":"Password field is empty",
    "stringFileNotFound":"File not found",
    "stringImageConversion":"Something went wrong with Image Conversion",
    "stringOcrPageErr":"OCR Page Input Format is Wrong",
    "stringFailPdfProcess":"Failed to process pdf",
    "stringMismatch":"Mandatory fields are not filled or Total Amount and Payment Request Total are not matched",
    "stringFillMandatory":"Fill up all mandatory fields",
    "stringFileDelete":"File Deleted Successfully",
    "stringInvalidDate":"Invalid Date Range",
    "stringNoData":"No Data",
    "stringNoFileSelected":"No file selected",
    "stringSomethingWentWrong":"Something Went Wrong",
    "stringSelectCompletedFile":"Please Select OCR Completed File",
    "stringSelectNoError":"Select No Error File",
    "stringInputViewerTitle": "Input image/",
    "stringMenuBarLangage": "Language",
    "stringMenuBarLangageJa": "Japanese",
    "stringMenuBarLangageEn": "English",
    "selectFileOrFolder": "Select File/Folder",
    "stringFile": "File",
    "stringFolder": "Folder",
    "stringBrowse": "Browse",
    "stringUpload": "Upload",
    "stringCheckPdfFile": "Check Pdf File",
    "stringUploadDateFilter": "Upload Date Filter",
    "stringUploadDate": "Upload Date ",
    "stringStartDate": "Start Date",
    "stringEndDate": "End Date",
    "stringPicFilter": "PIC Filter",
    "stringSelectAll": "Select All",
    "stringSelectNone": "Select None",
    "stringSearch": "Search",
    "stringStaticRpaMessage": "Display invoices which RPA files has been downloaded",
    "stringInvoiceSelection": "Invoice Selection",
    "stringPicName": "PIC Name",
    "stringSlNo": "Sl No",
    "stringFileName": "File Name",
    "stringOcrStatus": "OCR Status",
    "stringMemoInput": "Memo Input",
    "stringInvoiceErrors": "Invoice Errors",
    "stringContentCheck": "Content Check",
    "stringDeleteInvoice": "Delete Invoice",
    "stringFileDownload": "RPA File Download",
    "stringStaticInvoiceMessage": "Create payment application for the selected invoices",
    "stringNo": "Cancel",
    "stringNoError": "No Error",
    "stringError": "Error",
    "stringChecked": "Checked",
    "stringUnchecked": "Unchecked",
    "stringStatusYes":"Yes",
    "stringStatusNo":"No",
    "stringYes": "OK",
    "stringNotStarted": "Not Started",
    "stringInProgress": "In Progress",
    "stringCompleted": "Completed",
    "stringOutputDone": "RPA Output Done",
    "stringPdfSelect": "Pdf File Select",
    "stringNoFile": "No File",
    "stringPrev": "Previous Invoice",
    "stringNext": "Next Invoice",
    "stringPageSelect": "Page Select",
    "stringOcrPages": "Input OCR Pages ( e.g.1,2 or 5-9 or 1,2,5-9)",
    "stringProtocolNo": "Protocol No",
    "stringPaymentReqDate": "Payment Request Date",
    "stringDescription": "Description",
    "stringActualDate": "Actual Working Date",
    "stringCostCenter": "Cost Center",
    "stringFirstApprover": "First Approver",
    "stringStartOcr": "Start OCR",
    "stringPlaceholderProtocolNo": "Protocol No",
    "stringPlaceholderReqDate": "Payment Request Date",
    "stringPlaceholderDescription": "Description",
    "stringOcrResultConfirmation": "OCR Result Confirmation",
    "stringRedoOcr": "Redo OCR",
    "stringInvoiceIsuuerInfo": "Invoice Issuer Information",
    "stringSellerCodeName": "Seller Name*/Code*",
    "stringAccountInfo": "Account Info",
    "stringHospitalCodeName": "Hospital Name/ Code",
    "stringProtocolNoProjectCode": "Protocol No*/Project Code*",
    "stringInvoiceNo": "Invoice No",
    "stringIsuueDate": "Issue Date",
    "stringPaymentDate": "Payment Date",
    "stringFusen": "Fusen: Memo",
    "stringTotalAmount": "Total Amount",
    "stringPaymentReqContent": "Payment Request Contents",
    "stringExclude": "Exclude",
    "stringCategoryNumber": "Category Number",
    "stringCategoryName": "Category Name",
    "stringAmount": "Amount(with tax)",
    "stringTax": "Tax",
    "stringText": "Text(Comment)",
    "stringAddLine": "Add Line",
    "stringPaymentReqTotal": "Payment Request Total",
    "stringPurposePayment": "Purpose for payment",
    "stringUpdatePaymentReq": "Update Payment Request from  table below",
    "stringItemName": "Item Name",
    "stringAmountWithoutTax": "Amount without Tax",
    "stringConsumptionTax": "Consumption Tax",
    "stringAmountWithTax": "Amount with Tax",
    "stringDetailsTotal": "Details Total",
    "stringDone": "Done",
    "stringHome": "Home",
    "stringConfig": "Config",
    "stringLogOut": "Log Out",
    "stringUploadNewFiles": "Upload New Files"
}