{
    "pages": [
      {
        "regions": [
          {
            "t_4_sr_1": {
              "type": "Table",
              "width": 240,
              "x": 15,
              "y": 45,
              "height": 1,
              "row": 2,
              "column": 2,
              "cells": [
                {
                  "row_no": 0,
                  "col_no": 0,
                  "x": 75,
                  "y": 181,
                  "width": 225,
                  "height": 110,
                  "cx": 75,
                  "cy": 181,
                  "cwidth": 222,
                  "cheight": 107,
                  "row_span": 1,
                  "col_span": 1,
                  "cell": [
                    {
                      "type": "Line",
                      "x": 104,
                      "y": 212,
                      "width": 164,
                      "height": 42,
                      "words": [
                        {
                          "x": 104,
                          "y": 212,
                          "width": 164,
                          "height": 42,
                          "text": "伝票番号",
                          "confidence": 0.9999859597947862
                        }
                      ]
                    }
                  ]
                },
                {
                  "row_no": 0,
                  "col_no": 1,
                  "x": 300,
                  "y": 181,
                  "width": 618,
                  "height": 110,
                  "cx": 300,
                  "cy": 181,
                  "cwidth": 618,
                  "cheight": 107,
                  "row_span": 1,
                  "col_span": 1,
                  "cell": []
                },
                {
                  "row_no": 1,
                  "col_no": 0,
                  "x": 75,
                  "y": 291,
                  "width": 225,
                  "height": 109,
                  "cx": 75,
                  "cy": 291,
                  "cwidth": 222,
                  "cheight": 109,
                  "row_span": 1,
                  "col_span": 1,
                  "cell": [
                    {
                      "type": "Line",
                      "x": 104,
                      "y": 324,
                      "width": 165,
                      "height": 41,
                      "words": [
                        {
                          "x": 104,
                          "y": 324,
                          "width": 165,
                          "height": 41,
                          "text": "請求書No",
                          "confidence": 0.9999934976751154
                        }
                      ]
                    }
                  ]
                },
                {
                  "row_no": 1,
                  "col_no": 1,
                  "x": 300,
                  "y": 291,
                  "width": 618,
                  "height": 109,
                  "cx": 300,
                  "cy": 291,
                  "cwidth": 618,
                  "cheight": 109,
                  "row_span": 1,
                  "col_span": 1,
                  "cell": [
                    {
                      "type": "Line",
                      "x": 312,
                      "y": 320,
                      "width": 206,
                      "height": 41,
                      "words": [
                        {
                          "x": 312,
                          "y": 320,
                          "width": 206,
                          "height": 41,
                          "text": "2022/05/02",
                          "confidence": 0.9934061393141747
                        }
                      ]
                    }
                  ]
                }
              ],
              "selected_type": [
                "Table"
              ],
              "selection_id": "sr_1",
              "angle": 0,
              "selection_type": "rect",
              "meta": ""
            }
          },
          {
            "t_8_sr_2": {
              "type": "Table",
              "width": 322,
              "x": 621,
              "y": 324,
              "height": 1,
              "row": 9,
              "column": 15,
              "cells": [
                {
                  "row_no": 2,
                  "col_no": 11,
                  "x": 2350,
                  "y": 1241,
                  "width": 247,
                  "height": 156,
                  "cx": 2350,
                  "cy": 1241,
                  "cwidth": 245,
                  "cheight": 153,
                  "row_span": 2,
                  "col_span": 1,
                  "cell": [
                    {
                      "type": "Line",
                      "x": 2411,
                      "y": 1294,
                      "width": 128,
                      "height": 43,
                      "words": [
                        {
                          "x": 2411,
                          "y": 1294,
                          "width": 128,
                          "height": 43,
                          "text": "従業員",
                          "confidence": 0.9999798876898629
                        }
                      ]
                    }
                  ]
                },
                {
                  "row_no": 2,
                  "col_no": 12,
                  "x": 2597,
                  "y": 1241,
                  "width": 463,
                  "height": 156,
                  "cx": 2597,
                  "cy": 1241,
                  "cwidth": 462,
                  "cheight": 153,
                  "row_span": 2,
                  "col_span": 2,
                  "cell": [
                    {
                      "type": "Line",
                      "x": 2780,
                      "y": 1275,
                      "width": 96,
                      "height": 40,
                      "words": [
                        {
                          "x": 2780,
                          "y": 1275,
                          "width": 96,
                          "height": 40,
                          "text": "施設",
                          "confidence": 0.999993371963501
                        }
                      ]
                    },
                    {
                      "type": "Line",
                      "x": 2732,
                      "y": 1318,
                      "width": 200,
                      "height": 38,
                      "words": [
                        {
                          "x": 2732,
                          "y": 1318,
                          "width": 200,
                          "height": 38,
                          "text": "(チェ-ン)",
                          "confidence": 0.999811575962947
                        }
                      ]
                    }
                  ]
                },
                {
                  "row_no": 2,
                  "col_no": 14,
                  "x": 3060,
                  "y": 1241,
                  "width": 409,
                  "height": 156,
                  "cx": 3061,
                  "cy": 1241,
                  "cwidth": 411,
                  "cheight": 153,
                  "row_span": 2,
                  "col_span": 1,
                  "cell": [
                    {
                      "type": "Line",
                      "x": 3063,
                      "y": 1297,
                      "width": 378,
                      "height": 41,
                      "words": [
                        {
                          "x": 3063,
                          "y": 1297,
                          "width": 378,
                          "height": 41,
                          "text": "プロジェクトコ-ド",
                          "confidence": 0.9999823162430211
                        }
                      ]
                    }
                  ]
                },
                {
                  "row_no": 4,
                  "col_no": 11,
                  "x": 2350,
                  "y": 1397,
                  "width": 247,
                  "height": 78,
                  "cx": 2351,
                  "cy": 1397,
                  "cwidth": 244,
                  "cheight": 75,
                  "row_span": 1,
                  "col_span": 1,
                  "cell": [
                    {
                      "type": "Line",
                      "x": 2355,
                      "y": 1416,
                      "width": 124,
                      "height": 34,
                      "words": [
                        {
                          "x": 2355,
                          "y": 1416,
                          "width": 124,
                          "height": 34,
                          "text": "060714",
                          "confidence": 0.9999537467956543
                        }
                      ]
                    }
                  ]
                },
                {
                  "row_no": 4,
                  "col_no": 12,
                  "x": 2597,
                  "y": 1397,
                  "width": 463,
                  "height": 78,
                  "cx": 2598,
                  "cy": 1397,
                  "cwidth": 460,
                  "cheight": 75,
                  "row_span": 1,
                  "col_span": 2,
                  "cell": [
                    {
                      "type": "Line",
                      "x": 2651,
                      "y": 1414,
                      "width": 183,
                      "height": 37,
                      "words": [
                        {
                          "x": 2651,
                          "y": 1414,
                          "width": 183,
                          "height": 37,
                          "text": "100039673",
                          "confidence": 0.9767207536432478
                        }
                      ]
                    }
                  ]
                },
                {
                  "row_no": 4,
                  "col_no": 14,
                  "x": 3060,
                  "y": 1397,
                  "width": 409,
                  "height": 78,
                  "cx": 3061,
                  "cy": 1397,
                  "cwidth": 411,
                  "cheight": 75,
                  "row_span": 1,
                  "col_span": 1,
                  "cell": [
                    {
                      "type": "Line",
                      "x": 3113,
                      "y": 1416,
                      "width": 273,
                      "height": 35,
                      "words": [
                        {
                          "x": 3113,
                          "y": 1416,
                          "width": 273,
                          "height": 35,
                          "text": "11034610200001",
                          "confidence": 0.9999685500349317
                        }
                      ]
                    }
                  ]
                },
                {
                  "row_no": 5,
                  "col_no": 11,
                  "x": 2350,
                  "y": 1475,
                  "width": 247,
                  "height": 75,
                  "cx": 2351,
                  "cy": 1475,
                  "cwidth": 245,
                  "cheight": 72,
                  "row_span": 1,
                  "col_span": 1,
                  "cell": [
                    {
                      "type": "Line",
                      "x": 2357,
                      "y": 1491,
                      "width": 237,
                      "height": 38,
                      "words": [
                        {
                          "x": 2357,
                          "y": 1491,
                          "width": 237,
                          "height": 38,
                          "text": "池内 美和",
                          "confidence": 0.9734759818423878
                        }
                      ]
                    }
                  ]
                },
                {
                  "row_no": 5,
                  "col_no": 12,
                  "x": 2597,
                  "y": 1475,
                  "width": 463,
                  "height": 75,
                  "cx": 2598,
                  "cy": 1475,
                  "cwidth": 459,
                  "cheight": 72,
                  "row_span": 1,
                  "col_span": 2,
                  "cell": [
                    {
                      "type": "Line",
                      "x": 2604,
                      "y": 1489,
                      "width": 349,
                      "height": 41,
                      "words": [
                        {
                          "x": 2604,
                          "y": 1489,
                          "width": 349,
                          "height": 41,
                          "text": "済生会川口総合病院",
                          "confidence": 0.9976535627716466
                        }
                      ]
                    }
                  ]
                },
                {
                  "row_no": 5,
                  "col_no": 14,
                  "x": 3060,
                  "y": 1475,
                  "width": 409,
                  "height": 75,
                  "cx": 3060,
                  "cy": 1475,
                  "cwidth": 412,
                  "cheight": 72,
                  "row_span": 1,
                  "col_span": 1,
                  "cell": [
                    {
                      "type": "Line",
                      "x": 3077,
                      "y": 1489,
                      "width": 385,
                      "height": 38,
                      "words": [
                        {
                          "x": 3077,
                          "y": 1489,
                          "width": 385,
                          "height": 38,
                          "text": "1 ベムペド酸(ETC-100",
                          "confidence": 0.9969010134538014
                        }
                      ]
                    }
                  ]
                },
                {
                  "row_no": 6,
                  "col_no": 10,
                  "x": 2254,
                  "y": 1550,
                  "width": 343,
                  "height": 78,
                  "cx": 2254,
                  "cy": 1550,
                  "cwidth": 342,
                  "cheight": 75,
                  "row_span": 1,
                  "col_span": 2,
                  "cell": [
                    {
                      "type": "Line",
                      "x": 2552,
                      "y": 1571,
                      "width": 42,
                      "height": 35,
                      "words": [
                        {
                          "x": 2552,
                          "y": 1571,
                          "width": 42,
                          "height": 35,
                          "text": "0",
                          "confidence": 0.999414304892222
                        }
                      ]
                    }
                  ]
                },
                {
                  "row_no": 6,
                  "col_no": 12,
                  "x": 2597,
                  "y": 1550,
                  "width": 247,
                  "height": 78,
                  "cx": 2599,
                  "cy": 1550,
                  "cwidth": 242,
                  "cheight": 75,
                  "row_span": 1,
                  "col_span": 1,
                  "cell": [
                    {
                      "type": "Line",
                      "x": 2616,
                      "y": 1565,
                      "width": 207,
                      "height": 43,
                      "words": [
                        {
                          "x": 2616,
                          "y": 1565,
                          "width": 207,
                          "height": 43,
                          "text": "事業企画No",
                          "confidence": 0.9758588969707489
                        }
                      ]
                    }
                  ]
                },
                {
                  "row_no": 6,
                  "col_no": 13,
                  "x": 2844,
                  "y": 1550,
                  "width": 625,
                  "height": 78,
                  "cx": 2844,
                  "cy": 1550,
                  "cwidth": 628,
                  "cheight": 75,
                  "row_span": 1,
                  "col_span": 2,
                  "cell": []
                }
              ],
              "selected_type": [
                "Table"
              ],
              "selection_id": "sr_2",
              "angle": 0,
              "selection_type": "rect",
              "meta": ""
            }
          }
        ]
      },
      {
        "regions": [
          {
            "t_23_sr_1": {
              "type": "Table",
              "width": 555,
              "x": 51,
              "y": 438,
              "height": 1,
              "row": 6,
              "column": 3,
              "cells": [
                {
                  "row_no": 0,
                  "col_no": 0,
                  "x": 226,
                  "y": 1638,
                  "width": 327,
                  "height": 281,
                  "cx": 227,
                  "cy": 1638,
                  "cwidth": 324,
                  "cheight": 279,
                  "row_span": 1,
                  "col_span": 1,
                  "cell": [
                    {
                      "type": "Line",
                      "x": 245,
                      "y": 1759,
                      "width": 282,
                      "height": 55,
                      "words": [
                        {
                          "x": 245,
                          "y": 1759,
                          "width": 282,
                          "height": 55,
                          "text": "治験課 題名",
                          "confidence": 0.9731564571460088
                        }
                      ]
                    }
                  ]
                },
                {
                  "row_no": 0,
                  "col_no": 1,
                  "x": 553,
                  "y": 1638,
                  "width": 1656,
                  "height": 281,
                  "cx": 554,
                  "cy": 1640,
                  "cwidth": 1656,
                  "cheight": 285,
                  "row_span": 1,
                  "col_span": 2,
                  "cell": [
                    {
                      "type": "Line",
                      "x": 573,
                      "y": 1698,
                      "width": 1604,
                      "height": 50,
                      "words": [
                        {
                          "x": 573,
                          "y": 1698,
                          "width": 1604,
                          "height": 50,
                          "text": "高コレステロ-ル血症患者を対象とした ETC-1002 の有効性及び安全性を評価",
                          "confidence": 0.9889279132088026
                        }
                      ]
                    },
                    {
                      "type": "Line",
                      "x": 574,
                      "y": 1752,
                      "width": 1551,
                      "height": 58,
                      "words": [
                        {
                          "x": 574,
                          "y": 1752,
                          "width": 1551,
                          "height": 58,
                          "text": "するプラセボ対照、無作為化、多施設共同、二重盲検、並行群間比較試験",
                          "confidence": 0.9970329646021128
                        }
                      ]
                    },
                    {
                      "type": "Line",
                      "x": 594,
                      "y": 1816,
                      "width": 917,
                      "height": 50,
                      "words": [
                        {
                          "x": 594,
                          "y": 1816,
                          "width": 917,
                          "height": 50,
                          "text": "(治験薬名:ETC-1002、受付番号:2020-03)",
                          "confidence": 0.9838901770114898
                        }
                      ]
                    }
                  ]
                },
                {
                  "row_no": 1,
                  "col_no": 0,
                  "x": 226,
                  "y": 1919,
                  "width": 327,
                  "height": 446,
                  "cx": 226,
                  "cy": 1919,
                  "cwidth": 325,
                  "cheight": 444,
                  "row_span": 4,
                  "col_span": 1,
                  "cell": [
                    {
                      "type": "Line",
                      "x": 246,
                      "y": 1973,
                      "width": 60,
                      "height": 48,
                      "words": [
                        {
                          "x": 246,
                          "y": 1973,
                          "width": 60,
                          "height": 48,
                          "text": "内",
                          "confidence": 0.9999974171320597
                        }
                      ]
                    },
                    {
                      "type": "Line",
                      "x": 466,
                      "y": 1974,
                      "width": 62,
                      "height": 48,
                      "words": [
                        {
                          "x": 466,
                          "y": 1974,
                          "width": 62,
                          "height": 48,
                          "text": "訳",
                          "confidence": 0.9999977350234985
                        }
                      ]
                    }
                  ]
                },
                {
                  "row_no": 1,
                  "col_no": 1,
                  "x": 553,
                  "y": 1919,
                  "width": 1098,
                  "height": 147,
                  "cx": 553,
                  "cy": 1920,
                  "cwidth": 1096,
                  "cheight": 148,
                  "row_span": 1,
                  "col_span": 1,
                  "cell": [
                    {
                      "type": "Line",
                      "x": 575,
                      "y": 1939,
                      "width": 627,
                      "height": 49,
                      "words": [
                        {
                          "x": 575,
                          "y": 1939,
                          "width": 627,
                          "height": 49,
                          "text": "治験協力費(1 回分×8, 000 円)",
                          "confidence": 0.9531763809067862
                        }
                      ]
                    },
                    {
                      "type": "Line",
                      "x": 664,
                      "y": 2001,
                      "width": 487,
                      "height": 50,
                      "words": [
                        {
                          "x": 664,
                          "y": 2001,
                          "width": 487,
                          "height": 50,
                          "text": "4月提供分;1名 2回",
                          "confidence": 0.9968829595524332
                        }
                      ]
                    }
                  ]
                },
                {
                  "row_no": 1,
                  "col_no": 2,
                  "x": 1651,
                  "y": 1919,
                  "width": 558,
                  "height": 147,
                  "cx": 1652,
                  "cy": 1925,
                  "cwidth": 558,
                  "cheight": 146,
                  "row_span": 1,
                  "col_span": 1,
                  "cell": [
                    {
                      "type": "Line",
                      "x": 1983,
                      "y": 1977,
                      "width": 202,
                      "height": 49,
                      "words": [
                        {
                          "x": 1983,
                          "y": 1977,
                          "width": 202,
                          "height": 49,
                          "text": "16, 000 円",
                          "confidence": 0.9989171346028646
                        }
                      ]
                    }
                  ]
                },
                {
                  "row_no": 2,
                  "col_no": 1,
                  "x": 553,
                  "y": 2066,
                  "width": 1098,
                  "height": 98,
                  "cx": 553,
                  "cy": 2066,
                  "cwidth": 1096,
                  "cheight": 100,
                  "row_span": 1,
                  "col_span": 1,
                  "cell": [
                    {
                      "type": "Line",
                      "x": 582,
                      "y": 2089,
                      "width": 625,
                      "height": 55,
                      "words": [
                        {
                          "x": 582,
                          "y": 2089,
                          "width": 625,
                          "height": 55,
                          "text": "振込手数料(1名分×500 円)",
                          "confidence": 0.9775172750155131
                        }
                      ]
                    }
                  ]
                },
                {
                  "row_no": 2,
                  "col_no": 2,
                  "x": 1651,
                  "y": 2066,
                  "width": 558,
                  "height": 98,
                  "cx": 1652,
                  "cy": 2071,
                  "cwidth": 558,
                  "cheight": 97,
                  "row_span": 1,
                  "col_span": 1,
                  "cell": [
                    {
                      "type": "Line",
                      "x": 2049,
                      "y": 2102,
                      "width": 138,
                      "height": 43,
                      "words": [
                        {
                          "x": 2049,
                          "y": 2102,
                          "width": 138,
                          "height": 43,
                          "text": "500 円",
                          "confidence": 0.9990722916342996
                        }
                      ]
                    }
                  ]
                },
                {
                  "row_no": 3,
                  "col_no": 1,
                  "x": 553,
                  "y": 2164,
                  "width": 1098,
                  "height": 98,
                  "cx": 553,
                  "cy": 2164,
                  "cwidth": 1096,
                  "cheight": 100,
                  "row_span": 1,
                  "col_span": 1,
                  "cell": [
                    {
                      "type": "Line",
                      "x": 596,
                      "y": 2191,
                      "width": 497,
                      "height": 49,
                      "words": [
                        {
                          "x": 596,
                          "y": 2191,
                          "width": 497,
                          "height": 49,
                          "text": "消費税(振込手数料分)",
                          "confidence": 0.9711869548667561
                        }
                      ]
                    }
                  ]
                },
                {
                  "row_no": 3,
                  "col_no": 2,
                  "x": 1651,
                  "y": 2164,
                  "width": 558,
                  "height": 98,
                  "cx": 1651,
                  "cy": 2169,
                  "cwidth": 559,
                  "cheight": 98,
                  "row_span": 1,
                  "col_span": 1,
                  "cell": [
                    {
                      "type": "Line",
                      "x": 2072,
                      "y": 2198,
                      "width": 115,
                      "height": 45,
                      "words": [
                        {
                          "x": 2072,
                          "y": 2198,
                          "width": 115,
                          "height": 45,
                          "text": "50 円",
                          "confidence": 0.9974400177598
                        }
                      ]
                    }
                  ]
                },
                {
                  "row_no": 4,
                  "col_no": 1,
                  "x": 553,
                  "y": 2262,
                  "width": 1098,
                  "height": 103,
                  "cx": 553,
                  "cy": 2262,
                  "cwidth": 1095,
                  "cheight": 106,
                  "row_span": 1,
                  "col_span": 1,
                  "cell": []
                },
                {
                  "row_no": 4,
                  "col_no": 2,
                  "x": 1651,
                  "y": 2262,
                  "width": 558,
                  "height": 103,
                  "cx": 1651,
                  "cy": 2267,
                  "cwidth": 559,
                  "cheight": 104,
                  "row_span": 1,
                  "col_span": 1,
                  "cell": []
                },
                {
                  "row_no": 5,
                  "col_no": 0,
                  "x": 226,
                  "y": 2365,
                  "width": 1425,
                  "height": 158,
                  "cx": 226,
                  "cy": 2365,
                  "cwidth": 1422,
                  "cheight": 158,
                  "row_span": 1,
                  "col_span": 2,
                  "cell": [
                    {
                      "type": "Line",
                      "x": 773,
                      "y": 2420,
                      "width": 341,
                      "height": 55,
                      "words": [
                        {
                          "x": 773,
                          "y": 2420,
                          "width": 341,
                          "height": 55,
                          "text": "費 用 合 計",
                          "confidence": 0.994999372959137
                        }
                      ]
                    }
                  ]
                },
                {
                  "row_no": 5,
                  "col_no": 2,
                  "x": 1651,
                  "y": 2365,
                  "width": 558,
                  "height": 158,
                  "cx": 1651,
                  "cy": 2371,
                  "cwidth": 559,
                  "cheight": 155,
                  "row_span": 1,
                  "col_span": 1,
                  "cell": [
                    {
                      "type": "Line",
                      "x": 1979,
                      "y": 2431,
                      "width": 208,
                      "height": 46,
                      "words": [
                        {
                          "x": 1979,
                          "y": 2431,
                          "width": 208,
                          "height": 46,
                          "text": "16, 550 円",
                          "confidence": 0.9832030087709427
                        }
                      ]
                    }
                  ]
                }
              ],
              "selected_type": [
                "Table"
              ],
              "selection_id": "sr_1",
              "angle": 0,
              "selection_type": "rect",
              "meta": ""
            }
          }
        ]
      }
    ]
  }