{
    "stringMenuBarLangModel": "モデル言語",
    "stringMenuBarSearch": "キーワード",
    "stringMenuBarLangage": "表示言語",
    "stringMenuBarLangageJa": "日本語",
    "stringMenuBarLangageEn": "英語",
    "stringMenuBarLogout": "ログアウト",
    "stringToolBarFileUpload": "ファイルアップロード",
    "stringToolBarPageNumber": "変換対象ページを入力 (e.g.1,2 or 5-9 or 1,2,5-9)",
    "stringToolBarConvert": "HTML変換",
    "stringToolBarExport": "ダウンロード",
    "stringToolBarUpdate": "更新",
    "stringToolBarInvoice": "請求書",
    "stringToolBarInvoiceEng":"請求書（英語）",
    "stringToolBarContract": "契約書",
    "stringInputViewerTitle": "アップロード画像　",
    "stringInputViewerFile": "ファイル",
    "stringOutputViewerTabExtracted": "出力項目",
    "stringOutputViewerTabOriginal": "変換結果",
    "stringDebug": "デバッグ",
    "eOdocumentType": "文書タイプ",
    "eOinvoiceNumber": "請求書番号",
    "eOissueDate": "作成日",
    "eOsellerName": "請求者名",
    "eOsellerAddress": "住所",
    "eOsellerPhoneNumber": "連絡先",
    "eObuyerName": "請求先",
    "eOpaymentDeadline": "支払い期限",
    "eObankName": "銀行名",
    "eObranchName": "支店名",
    "eObankAccount": "口座番号",
    "eOaccountType": "預金種目",
    "eOtotalConsumptionTax": "消費税",
    "eOtotalAmount": "合計",
    "eOitemNumber": "品番",
    "eOitemName": "品名",
    "eOquantity": "数量",
    "eOunit": "単位",
    "eOunitPrice": "単価",
    "eOtaxRate": "消費税率",
    "eOamount": "金額",
    "infoChangePassword": "パスワードが変更されました。 / Password Changed",
    "infoNotSpecified": "変換対象として指定されていないページです",
    "infoDoConvert": "変換中です．．．",
    "infoUpdated": "JSONを更新しました。",
    "errorNoUsername": "ユーザ名を入力して下さい。/ Input Username",
    "errorNoPassword": "パスワードを入力して下さい。/ Input Password",
    "errorNoMfaCode": "MFAコードを入力して下さい。/ Input MFA Code",
    "errorIncorrectMfaCode": "正しいMFAコードを入力して下さい。/ Incorrect MFA Code",
    "errorNoPassword1": "新しいパスワードを入力して下さい。/ Input New Password",
    "errorPassword1Character": "英数字以外の文字があります。 / Include Non-alphanumeric",
    "errorPassword1": "英大小文字、数字を最低1つ含む必要があります。/ Include Uppercase | lowercase | Numbers",
    "errorPassword1Length": "10文字以上32文字以下にして下さい。 / 10 to 32 characters",
    "errorPassword1Password2": "新しいパスワード（再入力）が一致してません。 / Re-input Password does not match",
    "errorLogin": "ログインに失敗しました。 / Login Error",
    "errorChangePassword": "パスワード変更に失敗しました / Cannot change password",
    "errorLoginSystemError": "システムエラー / System Error",
    "errorSystemError": "システムエラー",
    "errorUpload": "ファイルアップロードエラー",
    "errorLoginTimeout": "認証タイムアウト",
    "errorFileNotFound": "指定されたファイルがありません。",
    "errorLoginDuplicate": "ログインが無効になりました。",
    "errorBeforeSetFile": "まずファイルをアップロードして下さい。",
    "errorPdfToJpegProcess": "PDFの処理に失敗しました。",
    "errorZipProcess": "ZIPの処理に失敗しました。",
    "errorRequestSameFile": "同じファイルの変換リクエストです。",
    "errorCannotChange": "変換処理中です。",
    "errorNotPDF": "PDFファイルの場合のみ指定できます。",
    "errorInputType": "数字と「-」、「,」のみ入力可能です。",
    "errorInputPattern": "「1,2 or 1,2,5-9」のパターンで入力して下さい。",
    "errorInputSequence": "「start-end」のパターンでstart値がend値以上です。",
    "errorDuplicate": "数字が重複しています。",
    "errorOverPDFPages": "PDFの最大ページ数より大きな値を指定してます。",
    "errorMaxFontSize": "これ以上大きくなりません。",
    "errorMinFontSize": "これ以上小さくなりません。",
    "errorConvert": "変換処理でエラーになりました。",
    "errorCannotConvert": "想定時間内に変換できませんでした。",
    "errorCannotRead": "参照権限がありません。",
    "errorDownloadNothing": "ダウンロードするデータがありません。",
    "errorSomething": "エラーが発生しました。",
    "stringTemplate":"テンプレート",
    "stringTemplateImport":"インポート",
    "stringTemplateExport":"エクスポート",
    "stringThumbnailButton":"切り取り領域",
    "stringThumbnailDescription":"（ドラッグで順序変更）",
    "stringToolSelection":"選択",
    "stringToolHand":"画像の移動",
    "stringToolPolygon":"多角形",
    "stringToolRectangle":"長方形",
    "stringToolCircle":"円・楕円",
    "stringLabelId":"番号",
    "stringLabelType":"カテゴリ",
    "stringMetaInfo":"詳細",
    "stringRemainChar":"残りの文字",
    "stringCancel":"キャンセル",
    "stringSave":"保存",
    "stringDelete":"削除",
    "stringBlank":"カテゴリ無し",
    "stringTable":"表",
    "stringSingleLine":"単一行",
    "stringMultiline":"複数行",
    "stringImage":"画像",
    "stringHandwritten":"手書き文字",
    "stringCroppedZip":"ダウンロード（.zip）",
    "errorPool":"書き文",
    "whValueError":"横幅(w)と高さ(h)の値は整数である必要があります。",
	"noSelectionError":"現在のページは変換箇所が指定されていません。",
	"shapeArrayIndexError":"配列(sArr)は、長さは2、最初のインデックス値は's'、2番目のインデックス値は整数である必要があります。",
	"pageArrayIndexError":"配列(keyArr)は、未定義またはnull、長さは4、最初のインデックス値は'p'である必要があります。",
	"templateFormatError":"テンプレートの形式に誤りがあります。",
	"templateImportError":"テンプレート(jsonファイル)が読み取れません。",
	"cropShapeError":"画像から指定された形状(shape)を切り抜くことはできません。",
	"shapeError":"形状(Shape)は、未定義またはnullは指定できません、プロパティを入力して下さい。"
}

