{
  "stringMenuBarLangModel": "Language Model",
  "stringMenuBarSearch": "Input search phrase here",
  "stringMenuBarLangage": "Language",
  "stringMenuBarLangageJa": "Japanese",
  "stringMenuBarLangageEn": "English",
  "stringMenuBarLogout": "Logout",
  "stringToolBarFileUpload": "File Upload",
  "stringToolBarPageNumber": "Input page number (e.g.1,2 or 5-9 or 1,2,5-9)",
  "stringToolBarConvert": "Convert",
  "stringToolBarExport": "Download",
  "stringToolBarUpdate": "Update",
  "stringToolBarInvoice": "Invoice",
  "stringToolBarInvoiceEng": "Invoice (English)",
  "stringToolBarContract": "Contract",
  "stringInputViewerTitle": "Input image/",
  "stringInputViewerFile": "File",
  "stringOutputViewerTabExtracted": "Preview Output",
  "stringOutputViewerTabOriginal": "Confirm and Edit  Text",
  "stringCroppingOutput":"Select Object",
  "stringDebug": "Debug",
  "eOdocumentType": "Document Type",
  "eOinvoiceNumber": "Invoice Number",
  "eOissueDate": "Issue Date",
  "eOsellerName": "Seller Name",
  "eOsellerAddress": "Seller Address",
  "eOsellerPhoneNumber": "Seller Phone Number",
  "eObuyerName": "Buyer Name",
  "eOpaymentDeadline": "Payment Deadline",
  "eObankName": "Bank Name",
  "eObranchName": "Branch Name",
  "eObankAccount": "Account No",
  "eOaccountType": "Account Type",
  "eOtotalConsumptionTax": "Consumption Tax",
  "eOtotalAmount": "Total Amount",
  "eOitemNumber": "Item Number",
  "eOitemName": "Item Name",
  "eOquantity": "Quantity",
  "eOunit": "Unit",
  "eOunitPrice": "Unit Price",
  "eOtaxRate": "Tax Rate",
  "eOamount": "Amount",
  "infoChangePassword": "パスワードが変更されました。 / Password Changed",
  "infoNotSpecified": "Page not specified for conversion",
  "infoDoConvert": "Converting... ",
  "infoUpdated": "Updated JSON",
  "errorNoUsername": "ユーザ名を入力して下さい。/ Input Username",
  "errorNoPassword": "パスワードを入力して下さい。/ Input Password",
  "errorNoMfaCode": "MFAコードを入力して下さい。/ Input MFA Code",
  "errorIncorrectMfaCode": "正しいMFAコードを入力して下さい。/ Incorrect MFA Code",
  "errorNoPassword1": "新しいパスワードを入力して下さい。/ Input New Password",
  "errorPassword1Character": "英数字以外の文字があります。 / Include Non-alphanumeric",
  "errorPassword1": "英大小文字、数字を最低1つ含む必要があります。/ Include Uppercase | lowercase | Numbers",
  "errorPassword1Length": "8文字以上32文字以下にして下さい。 / 8 to 32 characters",
  "errorPassword1Password2": "新しいパスワード（再入力）が一致してません。 / Re-input Password does not match",
  "errorLogin": "ログインに失敗しました。 / Login Error",
  "errorChangePassword": "パスワード変更に失敗しました / Cannot change password",
  "errorLoginSystemError": "システムエラー / System Error",
  "errorSystemError": "System Error",
  "errorUpload": "File Upload Error",
  "errorLoginTimeout": "Authentication timeout",
  "errorFileNotFound": "File not found",
  "errorLoginDuplicate": "Disable login",
  "errorBeforeSetFile": "Please upload file",
  "errorPdfToJpegProcess": "Failed to do PDF process",
  "errorZipProcess": "Failed to do ZIP process",
  "errorRequestSameFile": "Request a same file just before",
  "errorCannotChange": "The conversion process is in progress.",
  "errorNotPDF": "Please set if uploading PDF file",
  "errorInputType": "Input only numeric character, ',' or '-'",
  "errorInputPattern": "Please input by using pattern '1,2 or 1,2,5-9'",
  "errorInputSequence": "Sequence down in pattern 'x-x",
  "errorDuplicate": "Duplicate PDF pages",
  "errorOverPDFPages": "Please set smaller number than PDF pages",
  "errorMaxFontSize": "Upper limit",
  "errorMinFontSize": "Lower limit",
  "errorConvert": "Convert error occurred",
  "errorCannotConvert": "Cannot convert within the expected time",
  "errorCannotRead": "You can't show the result",
  "errorDownloadNothing": "Download Nothing",
  "errorSomething": "Error occurred",
  "stringTemplate": "Template",
  "stringTemplateImport": "Import",
  "stringTemplateExport": "Export",
  "stringThumbnailButton": "Cropped Area",
  "stringThumbnailDescription": "(Reorder cropped areas by drag and drop)",
  "stringToolSelection": "Selection Tool",
  "stringToolHand": "Hand Tool",
  "stringToolPolygon": "Ploygon Tool",
  "stringToolRectangle": "Rectangle Tool",
  "stringToolCircle": "Circle Tool",
  "stringLabelId": "Label ID",
  "stringLabelType": "Label Type",
  "stringMetaInfo": "Meta Info",
  "stringRemainChar": "characters left",
  "stringCancel": "Cancel",
  "stringSave": "Save",
  "stringDelete": "Delete",
  "stringBlank": "Blank",
  "stringTable": "Table",
  "stringSingleLine": "Single Line",
  "stringMultiline": "Multiline",
  "stringImage": "Image",
  "stringHandwritten": "Handwritten",
  "stringCroppedZip": "Cropped (zip)",
  "whValueError": "Value of w and h must be integer.",
  "noSelectionError": "No selection in current page.",
  "shapeArrayIndexError": "Length of sarr must but 2, first index value of sarr must be 's' and second index value of sarr must be integer.",
  "pageArrayIndexError": "Keyarr must not be undefined or null, length of keyarr must but 4 and first index value of keyarr must be 'p'",
  "templateFormatError": "Wrong template format.",
  "templateImportError": "Can not read template json file.",
  "cropShapeError": "Can't crop shape from image",
  "shapeError": "Shape must not be undefined or null, there will be type properties in shape ",
  "stringZipImage": "Image",
  "stringZipFullPage": "Full Page",
  "stringNoDataToPreview": "No data to preview",
  "stringLine": "Line"

}
